id,actual_global_subjectivity,predicted_global_subjectivity,actual_global_sentiment_polarity,predicted_global_sentiment_polarity,actual_global_rate_positive_words,predicted_global_rate_positive_words,actual_global_rate_negative_words,predicted_global_rate_negative_words,actual_rate_positive_words,predicted_rate_positive_words,actual_rate_negative_words,predicted_rate_negative_words,actual_avg_positive_polarity,predicted_avg_positive_polarity,actual_min_positive_polarity,predicted_min_positive_polarity,actual_max_positive_polarity,predicted_max_positive_polarity,actual_avg_negative_polarity,predicted_avg_negative_polarity,actual_min_negative_polarity,predicted_min_negative_polarity,actual_max_negative_polarity,predicted_max_negative_polarity,actual_title_subjectivity,predicted_title_subjectivity,actual_title_sentiment_polarity,predicted_title_sentiment_polarity,actual_abs_title_subjectivity,predicted_abs_title_subjectivity,actual_abs_title_sentiment_polarity,predicted_abs_title_sentiment_polarity,actual_LDA_00,predicted_LDA_00,actual_LDA_01,predicted_LDA_01,actual_LDA_02,predicted_LDA_02,actual_LDA_03,predicted_LDA_03,actual_LDA_04,predicted_LDA_04
29269,0.38527,0.4458923,0.09005468,0.11781795,0.053435113,0.040587053,0.022900764,0.01667968,0.7,0.69428986,0.3,0.30098248,0.25621006,0.35384196,0.033333335,0.09594015,0.5,0.7643304,-0.20277777,-0.25686488,-0.4,-0.5284488,-0.1,-0.11961295,0.4,0.35469663,0.1,0.040280387,0.1,0.3612271,0.1,0.17811157,0.033333823,0.108750544,0.03333728,0.07321557,0.033334002,0.3511749,0.0333334,0.19673796,0.8666615,0.23197398
8191,0.3553247,0.44900826,0.13891955,0.10971087,0.03709428,0.04010662,0.020092735,0.017478703,0.6486486,0.683277,0.35135135,0.3107632,0.41092172,0.3530184,0.13636364,0.099042475,1.0,0.7498947,-0.37692308,-0.27497888,-0.8,-0.5433478,-0.033333335,-0.11673984,0.1,0.30904123,0.3,0.057319634,0.4,0.34468853,0.3,0.16582116,0.050004724,0.1250793,0.5249766,0.14317404,0.32399198,0.26689076,0.05102663,0.20113114,0.05000003,0.27726746
14737,0.5004383,0.45409083,0.17616086,0.13135083,0.045990568,0.042173818,0.018867925,0.015690796,0.7090909,0.7227841,0.29090908,0.27785856,0.49893162,0.36339837,0.2,0.10204242,1.0,0.7595376,-0.37222221,-0.25305203,-1.0,-0.49615636,-0.1,-0.11989131,0.33333334,0.3025542,0.25,0.06426517,0.16666667,0.35302785,0.25,0.15226215,0.8163887,0.19240615,0.020002866,0.10144522,0.02001034,0.21133353,0.02001358,0.19050936,0.12358449,0.28688473
12994,0.27778003,0.45565262,0.08236628,0.13173965,0.015073383,0.04278461,0.0051566837,0.015975084,0.74509805,0.7217935,0.25490198,0.272689,0.33396843,0.3598744,0.033333335,0.10097147,0.9,0.7620565,-0.24583334,-0.2539566,-0.6,-0.48840773,-0.1,-0.11503583,0.0,0.29851893,0.0,0.073218785,0.5,0.34626976,0.0,0.14980127,0.020007845,0.19125645,0.19083184,0.14055383,0.74841136,0.17963246,0.020672437,0.16396223,0.020076532,0.32298788
2585,0.5366667,0.4257093,0.09,0.15195613,0.016,0.042877425,0.016,0.013363927,0.5,0.7556456,0.5,0.23405252,0.5,0.3363687,0.5,0.10029469,0.5,0.7479695,-0.075,-0.21015437,-0.1,-0.38306504,-0.05,-0.11600859,0.0,0.2071189,0.0,0.14116749,0.5,0.33817545,0.0,0.11615805,0.6333138,0.45663247,0.040037584,0.09866234,0.04007375,0.1048819,0.24657287,0.07220047,0.04000202,0.2542431
31649,0.25592592,0.43347648,-0.030462964,0.09764015,0.011173184,0.036733486,0.011173184,0.017552398,0.5,0.65066344,0.5,0.32437423,0.215,0.3362026,0.1,0.09287016,0.5,0.72362024,-0.32708332,-0.25985864,-0.875,-0.5386292,-0.05,-0.11086741,0.0,0.32705203,0.0,0.03102532,0.5,0.35319299,0.0,0.16226044,0.025002193,0.10107393,0.0250021,0.12211567,0.5079239,0.3660848,0.025001263,0.20046218,0.41707054,0.20414397
25786,0.5248435,0.44955093,0.30772603,0.09523565,0.050847456,0.03646306,0.002118644,0.018164892,0.96,0.6406591,0.04,0.32262465,0.44425324,0.34425026,0.1,0.10436681,1.0,0.7189369,-0.29166666,-0.26520437,-0.29166666,-0.5396842,-0.29166666,-0.11587183,0.0,0.32992628,0.0,0.016115477,0.5,0.36905512,0.0,0.15202835,0.020001942,0.07912259,0.13921836,0.06651445,0.020122694,0.29347277,0.800656,0.4036473,0.020000989,0.1621687
38396,0.0,0.44261923,0.0,0.10363264,0.0,0.037347857,0.0,0.017616142,0.0,0.6594968,0.0,0.32188076,0.0,0.34233832,0.0,0.09664286,0.0,0.7273662,0.0,-0.26279536,0.0,-0.52726513,0.0,-0.11635974,0.65,0.31324077,0.0,0.03130299,0.15,0.35526395,0.0,0.16343056,0.040000156,0.07704591,0.04002092,0.13283741,0.040000055,0.33874512,0.8399788,0.22671145,0.04000005,0.23902936
19620,0.52678573,0.44535467,-0.03935185,0.12720442,0.029850746,0.041239224,0.04477612,0.016347459,0.4,0.7091599,0.6,0.27710256,0.40555555,0.3496792,0.25,0.09393417,0.5,0.7534637,-0.34907407,-0.25321966,-1.0,-0.49993962,-0.025,-0.109625,0.0,0.2749999,0.0,0.091254056,0.5,0.34282225,0.0,0.14631996,0.022251701,0.26158103,0.022962611,0.14893642,0.57261723,0.20053095,0.35870636,0.1398185,0.023462074,0.2510317
34946,0.44260976,0.4612116,0.061314676,0.11677484,0.020408163,0.040883332,0.0127551025,0.018374223,0.61538464,0.6558017,0.3846154,0.29299787,0.31355518,0.36782217,0.13636364,0.10121865,0.5,0.7609775,-0.24416667,-0.27737138,-0.4,-0.5451083,-0.1,-0.11134699,0.0,0.28108734,0.0,0.05855314,0.5,0.3401545,0.0,0.16495638,0.033333458,0.14248222,0.0333334,0.23562358,0.866665,0.09990558,0.03333342,0.29696357,0.03333469,0.21387364
22261,0.50320375,0.45135888,0.16106372,0.1380962,0.06329114,0.04321489,0.01371308,0.015740685,0.82191783,0.73471665,0.1780822,0.27141,0.38103354,0.35959086,0.033333335,0.097529896,0.85,0.782142,-0.44230768,-0.24707802,-0.8,-0.4966327,-0.1,-0.108320974,0.4,0.30987167,0.1,0.08605964,0.1,0.34614867,0.1,0.15906334,0.6399775,0.2097948,0.040002998,0.11947639,0.040000927,0.22787166,0.24001785,0.11382284,0.0400007,0.3077013
23873,0.4992678,0.45396417,0.08904136,0.11046744,0.027027028,0.040838912,0.015898252,0.017496217,0.6296296,0.6756885,0.37037036,0.303453,0.31474409,0.35609132,0.05,0.09784022,1.0,0.75458527,-0.20958333,-0.27067223,-0.5,-0.54687136,-0.1,-0.11931762,1.0,0.33650345,-0.5,0.045434,0.5,0.35128906,0.5,0.17625986,0.44581965,0.104434565,0.028577192,0.13548887,0.2642134,0.28970405,0.23234983,0.25181726,0.029039921,0.21608718
19234,0.47121212,0.45217448,0.08056653,0.120427325,0.024324324,0.040404957,0.016216217,0.018079424,0.6,0.659571,0.4,0.2809013,0.396633,0.35615486,0.033333335,0.09459451,0.75,0.7616756,-0.26527777,-0.26633745,-0.5,-0.51312345,-0.075,-0.10734272,0.0,0.26789504,0.0,0.076860264,0.5,0.33353242,0.0,0.15221108,0.37667817,0.20039615,0.033333633,0.26747522,0.5233188,0.12326189,0.0333335,0.19373266,0.033335887,0.21735339
19682,0.47057822,0.45476702,0.1337585,0.12128182,0.05970149,0.041196506,0.02238806,0.016588459,0.72727275,0.70444787,0.27272728,0.29096702,0.3497024,0.35889137,0.1,0.10113846,0.8,0.7513961,-0.30833334,-0.26174158,-0.4,-0.5121931,-0.125,-0.11952372,0.4,0.30495614,0.1,0.060811665,0.1,0.35968187,0.1,0.15477607,0.88473177,0.156089,0.029546881,0.114041544,0.028573899,0.22631036,0.028574107,0.20900792,0.028573373,0.29237428
34495,0.3723404,0.45383334,0.14739108,0.1036266,0.030927835,0.037676737,0.008591065,0.017396994,0.7826087,0.66189194,0.2173913,0.31213325,0.4126323,0.35081953,0.1,0.1041627,0.8,0.727987,-0.16333333,-0.2649907,-0.3,-0.5262474,-0.083333336,-0.121079706,0.875,0.32998008,0.6,0.016792474,0.375,0.37210277,0.6,0.15673888,0.040000584,0.08876646,0.040000193,0.06485085,0.83990335,0.30326194,0.04009277,0.35138822,0.040003084,0.19366166
25320,0.35625,0.45772925,-0.043229166,0.11734408,0.015384615,0.041655388,0.015384615,0.018199403,0.5,0.66389143,0.5,0.29426765,0.21944444,0.36675167,0.1,0.098784454,0.36666667,0.767007,-0.31805557,-0.27063072,-1.0,-0.5310464,-0.008333334,-0.11275224,0.36666667,0.3065874,-0.075,0.05814677,0.13333334,0.3349989,0.075,0.17211658,0.026435783,0.11403828,0.025114013,0.25693074,0.025067946,0.18987738,0.89838177,0.20491448,0.025000501,0.24688415
15171,0.40547454,0.46409443,0.12445683,0.11315996,0.048027445,0.039307103,0.022298457,0.018861905,0.68292683,0.63292444,0.31707317,0.31713188,0.39867425,0.37293154,0.033333335,0.112114325,1.0,0.75701755,-0.20897436,-0.28268412,-0.6,-0.55442435,-0.1,-0.11117794,0.0,0.29933202,0.0,0.024794592,0.5,0.3499182,0.0,0.16855311,0.83999914,0.11946388,0.04000034,0.16619758,0.040000185,0.05063239,0.04000019,0.4881406,0.040000137,0.16089158
1736,0.34719577,0.43835184,0.100251324,0.14000195,0.036303632,0.041841954,0.00990099,0.015309998,0.78571427,0.72501236,0.21428572,0.25429258,0.25051406,0.3443557,0.033333335,0.093912624,0.6,0.7551139,-0.16666667,-0.23440862,-0.25,-0.4535211,-0.1,-0.10924403,0.0,0.2477686,0.0,0.11835885,0.5,0.34096813,0.0,0.13379952,0.71181357,0.36667126,0.18818465,0.14103208,0.033334043,0.13790287,0.0333339,0.12669998,0.033333823,0.22063333
24615,0.4153439,0.43650138,-0.011772486,0.11778907,0.05263158,0.040371854,0.06315789,0.017001228,0.45454547,0.6950319,0.54545456,0.28870007,0.30714285,0.34962085,0.1,0.09524168,0.5,0.74653053,-0.27949736,-0.25205755,-0.7,-0.52243364,-0.071428575,-0.112953916,0.0,0.30401617,0.0,0.069567196,0.5,0.34391388,0.0,0.15001288,0.025254732,0.24717353,0.4797529,0.11502494,0.025004402,0.25074238,0.44493902,0.18179716,0.02504893,0.19675577
11547,0.42946726,0.45902094,0.222024,0.13315435,0.06170213,0.043242082,0.010638298,0.015969276,0.85294116,0.72893494,0.14705883,0.26885435,0.35498658,0.36645252,0.033333335,0.10055427,0.8,0.77023613,-0.15902779,-0.25455773,-0.25,-0.5054784,-0.1,-0.11719393,0.1,0.30616674,0.3,0.0741943,0.4,0.35208422,0.3,0.15788883,0.79752135,0.18238936,0.12735175,0.13326238,0.025017897,0.19712095,0.02503041,0.15815407,0.025078615,0.31138524
17115,0.4401914,0.44671834,0.19916268,0.11819906,0.06779661,0.04059643,0.016949153,0.017094173,0.8,0.69445795,0.2,0.2946447,0.39153138,0.35119674,0.13636364,0.09618342,1.0,0.7465069,-0.16666667,-0.26133126,-0.25,-0.5311986,-0.05,-0.10882126,1.0,0.30764994,1.0,0.070930436,0.5,0.34797248,1.0,0.15485759,0.020594155,0.2111373,0.020005325,0.12365475,0.020434348,0.22982264,0.6738625,0.20389964,0.26510364,0.227777
15018,0.42150792,0.44056377,0.13222222,0.1276112,0.045333333,0.04110558,0.024,0.016291946,0.65384614,0.7075914,0.34615386,0.2800253,0.36078432,0.34955052,0.1,0.09947865,0.9,0.7408463,-0.2175926,-0.24460964,-0.6,-0.49135458,-0.05,-0.1121783,1.0,0.27332592,1.0,0.08964216,0.5,0.35269195,1.0,0.13842596,0.24035344,0.30592722,0.041779947,0.103325054,0.040118366,0.18664718,0.6377473,0.18748175,0.04000094,0.20905717
7947,0.49640378,0.44813663,0.122585796,0.11872655,0.06,0.040576443,0.02,0.017169012,0.75,0.6870534,0.25,0.28510314,0.34824917,0.34961128,0.1,0.09022495,1.0,0.75740635,-0.34351853,-0.26078627,-1.0,-0.5241641,-0.05,-0.10599398,0.9,0.2858563,-0.5,0.08708305,0.4,0.34005713,0.5,0.15187687,0.35975638,0.23385626,0.22035228,0.18919432,0.020124687,0.23024844,0.020001259,0.11652263,0.3797654,0.23198453
35471,0.38669357,0.4342533,0.002805326,0.13351835,0.039577838,0.041610956,0.018469658,0.015353562,0.6818182,0.7239029,0.3181818,0.2648017,0.17672728,0.34375516,0.1,0.09852743,0.5,0.7470813,-0.30833334,-0.23392399,-0.5,-0.45565924,-0.033333335,-0.11174896,0.0,0.2516578,0.0,0.10274566,0.5,0.33891582,0.0,0.13673517,0.028571723,0.35906535,0.028571503,0.11860826,0.8857122,0.15500802,0.028571554,0.13450682,0.028573021,0.2271003
8592,0.46517143,0.4478563,0.15529948,0.105284624,0.056872036,0.038484477,0.018957347,0.016925525,0.75,0.6795934,0.25,0.31132793,0.35946223,0.34779042,0.033333335,0.101341166,1.0,0.74331623,-0.23484269,-0.2674989,-0.8,-0.5278236,-0.05,-0.12748621,0.06666667,0.32668686,0.033333335,0.02827108,0.43333334,0.3653473,0.033333335,0.16739279,0.9109858,0.075606935,0.022269215,0.074607305,0.022228701,0.3299647,0.022239601,0.2675185,0.022276664,0.24568263
20206,0.4388702,0.44908893,0.13051347,0.12431932,0.02583423,0.041282773,0.011840689,0.016950596,0.6857143,0.69953704,0.31428573,0.27641505,0.3576434,0.35138854,0.1,0.090148985,1.0,0.763274,-0.12954545,-0.2580378,-0.3,-0.52279073,-0.1,-0.10654862,0.0,0.28581503,0.0,0.089361206,0.5,0.34318116,0.0,0.15369387,0.025001464,0.25080386,0.3303259,0.17286439,0.025044912,0.20473447,0.5946276,0.14182231,0.025000121,0.22516853
30218,0.35015896,0.4533495,0.12374188,0.11184822,0.0518732,0.03870243,0.017291067,0.017385203,0.75,0.65524876,0.25,0.31352866,0.30581892,0.3595004,0.1,0.111775994,1.0,0.7356806,-0.20416667,-0.26915988,-0.25,-0.5319306,-0.125,-0.11889029,0.0,0.3172345,0.0,0.01717897,0.5,0.354705,0.0,0.16157064,0.5601521,0.11530535,0.028575271,0.08767868,0.19994888,0.24317245,0.02952785,0.3833904,0.18179588,0.20032173
31321,0.43064284,0.44776374,0.05049567,0.10609679,0.029473685,0.040077414,0.024210526,0.017712379,0.54901963,0.66700226,0.4509804,0.3027845,0.34748918,0.35315114,0.1,0.10027662,0.8,0.7455263,-0.21304348,-0.2701725,-0.5,-0.54648095,-0.1,-0.115038104,0.0,0.33618942,0.0,0.026996085,0.5,0.34807387,0.0,0.16881034,0.03333407,0.12287211,0.03333407,0.16184296,0.682556,0.23325235,0.033333838,0.31262487,0.21744208,0.18956035
16145,0.70112044,0.4622307,0.082983196,0.1232283,0.0754717,0.041317515,0.041509435,0.018044056,0.6451613,0.66500354,0.3548387,0.29689407,0.45214286,0.37054124,0.1,0.1068555,1.0,0.76994294,-0.47012988,-0.27157637,-1.0,-0.54496086,-0.071428575,-0.11004661,0.9,0.30865815,-0.8,0.047029816,0.4,0.34377566,0.8,0.17014536,0.09481856,0.14806972,0.1618864,0.17373559,0.025091534,0.09730525,0.6925176,0.37154898,0.025685938,0.19901222
13561,0.51696056,0.45078024,0.1442779,0.13955636,0.047571853,0.044251915,0.016848365,0.01491355,0.73846155,0.7448708,0.26153848,0.26033112,0.30699584,0.36177295,0.1,0.10124543,0.8,0.7791835,-0.21702848,-0.24008034,-0.5,-0.461834,-0.05,-0.11484895,0.0,0.29173216,0.0,0.08835771,0.5,0.34719297,0.0,0.14927988,0.23369576,0.18662584,0.025001662,0.124767795,0.025004227,0.21126755,0.02500042,0.088785864,0.69129795,0.38457224
17902,0.3538047,0.44281426,0.050521884,0.11718643,0.04016064,0.038782936,0.02008032,0.016052393,0.6666667,0.7015433,0.33333334,0.29756907,0.2603409,0.35000962,0.1,0.09587074,0.85,0.7417638,-0.27333334,-0.25429365,-0.6,-0.50879776,-0.1,-0.12250481,0.275,0.3056093,0.06818182,0.03781687,0.225,0.37009546,0.06818182,0.15169384,0.050000858,0.15450202,0.05000006,0.08274475,0.7999932,0.3320079,0.05000014,0.16775201,0.050005723,0.2513723
20274,0.32462826,0.46481922,0.105644174,0.115706414,0.06965174,0.03966836,0.029850746,0.018180015,0.7,0.6605308,0.3,0.31166747,0.23337972,0.37057826,0.033333335,0.10909378,0.5,0.7602716,-0.13958333,-0.2787638,-0.25,-0.553776,-0.05,-0.11507031,0.0,0.32351598,0.0,0.02968893,0.5,0.35163385,0.0,0.17745394,0.5028914,0.1115198,0.025020342,0.121792704,0.16769117,0.14560267,0.025088241,0.42875615,0.27930886,0.18429755
2885,0.4188426,0.4529735,0.13885488,0.13442127,0.06168831,0.042595543,0.012987013,0.016136752,0.82608694,0.71516657,0.17391305,0.26488343,0.31159717,0.35816067,0.033333335,0.096134946,0.6,0.7595236,-0.34166667,-0.25406078,-0.8,-0.48418853,-0.16666667,-0.114770845,0.0,0.27316225,0.0,0.093568765,0.5,0.34189218,0.0,0.14412627,0.025336403,0.23648204,0.02504051,0.17907338,0.02603425,0.16515347,0.23679924,0.13808881,0.6867896,0.28154317
36499,0.35633507,0.45259517,0.044693362,0.1137996,0.029515939,0.040308043,0.014167651,0.017692786,0.6756757,0.66718394,0.3243243,0.30525792,0.25109696,0.35981017,0.05,0.10129306,0.7,0.746485,-0.2574074,-0.26843256,-0.6,-0.5296775,-0.05,-0.11384504,0.3,0.3013663,0.1,0.050826475,0.2,0.3397636,0.1,0.15751314,0.040001884,0.1427955,0.040001538,0.17733581,0.6447323,0.23603539,0.040007964,0.22379401,0.2352563,0.23360166
31304,0.47786427,0.4472563,0.17266484,0.113021016,0.041607898,0.039787937,0.019040903,0.017865961,0.68604654,0.6669603,0.3139535,0.31349218,0.42761096,0.35793075,0.1,0.10683503,1.0,0.7454168,-0.20279983,-0.26180822,-0.3125,-0.5266123,-0.008333334,-0.11127275,0.2,0.31635693,0.3,0.04871564,0.3,0.33942452,0.3,0.15084742,0.022378374,0.19981052,0.022254419,0.103487186,0.023254965,0.23459922,0.15626498,0.2851964,0.77584726,0.19251508
17089,0.42407408,0.441035,0.075,0.1323822,0.015625,0.04146873,0.020833334,0.015348457,0.42857143,0.7275935,0.5714286,0.27582175,0.49166667,0.35183832,0.25,0.09788443,0.6,0.75165915,-0.2,-0.24054068,-0.5,-0.47418687,-0.1,-0.11252222,0.0,0.27568555,-0.2,0.09868106,0.5,0.3462015,0.2,0.14385189,0.025001012,0.279917,0.02500163,0.10991816,0.584345,0.22464678,0.025000665,0.11072338,0.34065172,0.26953167
35458,0.0,0.45143715,0.0,0.14546971,0.0,0.044678815,0.0,0.014778991,0.0,0.752285,0.0,0.24914166,0.0,0.36082202,0.0,0.100819744,0.0,0.77875775,0.0,-0.23844843,0.0,-0.44524366,0.0,-0.11791646,0.0,0.2727413,0.0,0.10000128,0.5,0.34545627,0.0,0.14478552,0.028588278,0.2209135,0.029182248,0.1431844,0.028572073,0.1471352,0.8850855,0.104363896,0.028571857,0.37946278
4068,0.396422,0.44545612,0.20193166,0.10979854,0.03931204,0.038335208,0.00982801,0.016553849,0.8,0.68333215,0.2,0.30735025,0.45294237,0.3479932,0.1,0.10165231,0.75,0.72907734,-0.14583333,-0.26354286,-0.16666667,-0.5165095,-0.125,-0.12228891,0.375,0.30984592,-0.125,0.041542716,0.125,0.35912472,0.125,0.15331067,0.040000405,0.12946683,0.040000368,0.08198283,0.83999676,0.3164102,0.040000293,0.22759391,0.040002182,0.24567184
35467,0.5152204,0.45031682,-0.12089073,0.1061704,0.026845638,0.03880214,0.026845638,0.018465899,0.5,0.6641226,0.5,0.31432667,0.11477273,0.3525234,0.05,0.103416376,0.13636364,0.7427295,-0.44722223,-0.2671402,-0.6,-0.5376022,-0.2,-0.108289525,0.75,0.3354572,-0.3,0.027549474,0.25,0.35812086,0.3,0.15117987,0.033334397,0.16786666,0.034530893,0.08004712,0.2000631,0.20934516,0.6987376,0.3777872,0.033333972,0.16929255
37721,0.51019746,0.42814207,0.18876661,0.14608292,0.050912585,0.042390876,0.015369836,0.014463863,0.76811594,0.72811806,0.23188406,0.24059108,0.4051213,0.33775657,0.1,0.09976088,1.0,0.73995644,-0.29453126,-0.21414723,-0.5,-0.4170483,-0.1,-0.11369882,0.4,0.22108999,-0.1,0.12528554,0.1,0.34920037,0.1,0.11703716,0.05000912,0.45346293,0.3010528,0.101740316,0.05000567,0.08814655,0.5489282,0.15327968,0.050004166,0.18676639
29601,0.0,0.45059645,0.0,0.13133469,0.0,0.04131597,0.0,0.016857857,0.0,0.68214446,0.0,0.28908807,0.0,0.3648702,0.0,0.11110476,0.0,0.77001524,0.0,-0.25232115,0.0,-0.49241254,0.0,-0.107910484,0.5,0.30799663,0.5,0.051841997,0.0,0.3398707,0.5,0.15272109,0.03333342,0.22449848,0.5492683,0.11425929,0.033333376,0.106213324,0.3507314,0.3366099,0.033333506,0.22605002
109,0.51107156,0.46396676,0.25318855,0.12601101,0.0754717,0.042498715,0.017874876,0.017138088,0.80851066,0.69381726,0.19148937,0.27180696,0.41587833,0.3674557,0.1,0.10242374,1.0,0.76377755,-0.2625,-0.26535723,-0.5,-0.5077956,-0.05,-0.11533114,0.0,0.286948,0.0,0.07353732,0.5,0.34355822,0.0,0.15905398,0.020225791,0.14953166,0.14065649,0.2100448,0.020013548,0.12248965,0.13518922,0.20658487,0.68391496,0.30132297
29275,0.41283613,0.44998127,0.11632178,0.11732812,0.043147206,0.040561,0.02284264,0.016960202,0.65384614,0.69528043,0.34615386,0.29895866,0.37737396,0.35748744,0.033333335,0.09686899,0.9,0.7548029,-0.26782408,-0.26450074,-0.6666667,-0.53507197,-0.05,-0.11705644,1.0,0.3163937,-0.6666667,0.056744993,0.5,0.3528122,0.6666667,0.16335978,0.7068321,0.15330645,0.2327542,0.12485375,0.020102251,0.28454822,0.020015994,0.17837746,0.020295452,0.2507794
21856,0.40617827,0.45257723,0.011240598,0.10544942,0.019174041,0.038562268,0.028023599,0.018657926,0.40625,0.644206,0.59375,0.3268029,0.41125873,0.3588763,0.1,0.11154518,0.7,0.73482764,-0.25358188,-0.26812828,-0.7,-0.5494181,-0.1,-0.10972615,0.05,0.33026466,-0.2,0.024439922,0.45,0.3430974,0.2,0.15659213,0.050001476,0.15707898,0.050000094,0.08161602,0.79999477,0.21384008,0.05000004,0.42667222,0.050003596,0.12815627
18189,0.39486226,0.4418505,0.22197887,0.12434753,0.06727273,0.041111503,0.0072727273,0.01658271,0.902439,0.70303136,0.09756097,0.28094003,0.373534,0.3503006,0.1,0.0959732,0.7,0.7512016,-0.22638889,-0.24843107,-0.3888889,-0.49982867,-0.15,-0.10885491,0.64285713,0.2785327,0.21428572,0.085625805,0.14285715,0.34039387,0.21428572,0.14343067,0.028645081,0.30063012,0.028577272,0.13325322,0.17186522,0.18416248,0.028613007,0.1662489,0.74229944,0.21045971
14417,0.34868422,0.46152377,0.06034689,0.10432575,0.03797468,0.039009802,0.012658228,0.017632788,0.75,0.6537342,0.25,0.3165818,0.16374369,0.36238816,0.033333335,0.10756813,0.5,0.73919827,-0.10625,-0.28079677,-0.125,-0.54682165,-0.1,-0.12851879,0.033333335,0.32422686,0.016666668,0.014293664,0.46666667,0.36229447,0.016666668,0.17648482,0.45187515,0.047155272,0.020103429,0.11669698,0.13521193,0.26628393,0.02014121,0.3834476,0.3726683,0.20223081
29154,0.46527818,0.46147308,0.18736215,0.112002954,0.06272402,0.040383242,0.014336918,0.019186513,0.81395346,0.6387152,0.18604651,0.28974882,0.36649784,0.36736354,0.033333335,0.10105315,0.9,0.7573382,-0.121875,-0.28317365,-0.16666667,-0.5223284,-0.05,-0.11441289,0.0,0.26220042,0.0,0.05604426,0.5,0.33071515,0.0,0.16298804,0.79984206,0.07960965,0.022223959,0.30994472,0.022306206,0.084661976,0.13340504,0.25528708,0.022222757,0.2669221
8612,0.42592117,0.45144713,0.19356893,0.11216229,0.052790347,0.040868647,0.012066365,0.01757795,0.81395346,0.6834939,0.18604651,0.30633986,0.3342548,0.35822776,0.033333335,0.09798536,1.0,0.76058847,-0.31041667,-0.27068788,-0.6,-0.55545545,-0.1,-0.11478833,0.1,0.3514761,0.0,0.04586653,0.4,0.34538415,0.0,0.18137243,0.7697161,0.12303505,0.1552674,0.12021425,0.025010098,0.26331052,0.025006153,0.26285097,0.025000265,0.21890382
32052,0.41126388,0.45681208,0.113800324,0.12689467,0.043548387,0.041936077,0.016129032,0.017065192,0.7297297,0.70535123,0.27027026,0.28917816,0.29962483,0.3625121,0.1,0.101530634,0.8,0.7687716,-0.29102564,-0.26315108,-0.8,-0.52878374,-0.07692308,-0.11355602,0.9,0.32442147,0.5,0.06348024,0.4,0.3487647,0.5,0.16174893,0.46902078,0.1826243,0.028585969,0.1035493,0.028573804,0.19389218,0.31506515,0.2590452,0.1587543,0.24315405
30804,0.50763035,0.45301673,0.17981163,0.10492614,0.057894737,0.039259434,0.015789473,0.018051002,0.78571427,0.6647424,0.21428572,0.31275856,0.3918044,0.35323715,0.1,0.104014635,0.85,0.7398785,-0.20972222,-0.27417397,-0.3,-0.5514896,-0.125,-0.11614977,0.0,0.33254018,0.0,0.032717805,0.5,0.35611004,0.0,0.16096416,0.6400595,0.11238649,0.04000053,0.09269183,0.23907883,0.24368034,0.040000096,0.37042397,0.040861104,0.19326147
24352,0.46739417,0.4523956,0.10218254,0.110057935,0.020689655,0.03985866,0.0068965517,0.018099932,0.75,0.6780476,0.25,0.30404806,0.44682539,0.35308024,0.21428572,0.10416732,0.6,0.7440806,-0.17083333,-0.26937252,-0.29166666,-0.5368018,-0.05,-0.11489725,0.0,0.33645326,0.0,0.033825953,0.5,0.35803875,0.0,0.16050488,0.5333502,0.1667861,0.03336369,0.068792306,0.033333357,0.21533123,0.3666193,0.3670519,0.03333345,0.17760742
18712,0.37707633,0.46003133,0.11938833,0.11066784,0.031948883,0.03887547,0.009584664,0.019063476,0.7692308,0.6413966,0.23076923,0.33047253,0.27545455,0.36931548,0.13636364,0.111678675,0.8,0.75929934,-0.20185184,-0.2756068,-0.25,-0.5498563,-0.15555556,-0.105646625,1.0,0.32427603,0.33333334,0.022912355,0.5,0.35070214,0.33333334,0.16043507,0.025018154,0.15362687,0.025002686,0.103792846,0.42293513,0.13031559,0.50201464,0.47051087,0.025029367,0.13853566
39284,0.34406433,0.44583377,0.055497076,0.11271272,0.030612245,0.039512657,0.035714287,0.017184703,0.46153846,0.6840701,0.53846157,0.30992416,0.4377778,0.3512168,0.16,0.096442446,1.0,0.74935466,-0.2484127,-0.26407105,-0.5,-0.53127563,-0.1,-0.11448023,0.0,0.32167792,0.0,0.04769082,0.5,0.35183665,0.0,0.16269588,0.150452,0.14534025,0.28256568,0.112251565,0.27546853,0.3142097,0.26628414,0.1808228,0.025229651,0.24367145
6549,0.4219697,0.46020755,0.24659091,0.13605198,0.036363635,0.044540573,0.0,0.015133573,1.0,0.7452316,0.0,0.25538382,0.24659091,0.36749956,0.1,0.10647979,0.5,0.76842755,0.0,-0.25040263,0.0,-0.45977387,0.0,-0.12402101,0.0,0.2967291,0.0,0.0741878,0.5,0.35257143,0.0,0.15011507,0.028663164,0.1620117,0.028577238,0.12611675,0.02864565,0.14272365,0.028572997,0.16061254,0.88554096,0.39721644
5821,0.48850268,0.45026264,0.035962567,0.13814586,0.028225806,0.042895705,0.016129032,0.0155430855,0.6363636,0.73566645,0.36363637,0.2709583,0.38733765,0.36078405,0.13636364,0.099725455,0.6,0.7757071,-0.525,-0.24571927,-1.0,-0.48137516,-0.1,-0.115439,0.0,0.29756805,0.0,0.08729743,0.5,0.34783065,0.0,0.15345119,0.33459747,0.22360428,0.02501651,0.12189225,0.24611773,0.21181177,0.025009366,0.12732938,0.36925894,0.30631313
3715,0.42608592,0.44038084,0.16785942,0.1226342,0.057038836,0.040284414,0.014563107,0.016486093,0.7966102,0.7000015,0.20338982,0.28814375,0.33758405,0.34662253,0.033333335,0.09548223,0.7,0.73977774,-0.20879629,-0.25047722,-0.6666667,-0.49871933,-0.1,-0.10851764,0.0,0.27535525,0.0,0.084431164,0.5,0.34653002,0.0,0.13777657,0.31456617,0.28992718,0.028576508,0.11994977,0.028621387,0.20768093,0.02861677,0.151428,0.59961915,0.22258659
13205,0.40457195,0.466089,0.17533308,0.13942736,0.06625259,0.04467982,0.013457557,0.014919298,0.83116883,0.7406706,0.16883117,0.25202087,0.3364245,0.37576208,0.05,0.110800914,1.0,0.7764122,-0.1982906,-0.25211725,-0.4,-0.45752227,-0.1,-0.1303809,0.45454547,0.311317,0.13636364,0.05857768,0.045454547,0.3513899,0.13636364,0.158826,0.028861228,0.11355093,0.029383482,0.11441299,0.17411526,0.14983559,0.11749508,0.20631158,0.65014493,0.4056244
33480,0.40632442,0.4433291,0.18404017,0.12753436,0.03632887,0.04075677,0.014340344,0.016714636,0.7169811,0.69907445,0.28301886,0.2834099,0.40701753,0.3535912,0.033333335,0.101842545,1.0,0.7401004,-0.18753968,-0.24485072,-0.7,-0.49471197,-0.05,-0.11100541,0.125,0.28391677,-0.125,0.081592664,0.375,0.3505653,0.125,0.13548383,0.63778305,0.29461613,0.025000185,0.0873074,0.28717512,0.18019004,0.025000663,0.24932116,0.025040967,0.18561913
9398,0.67777777,0.46251255,0.06666667,0.11628573,0.01986755,0.039720017,0.013245033,0.017456206,0.6,0.67228556,0.4,0.30619216,0.53333336,0.36476505,0.5,0.1086955,0.6,0.75046206,-0.6,-0.26930332,-0.7,-0.5382878,-0.5,-0.12045758,0.3,0.33965582,0.0,0.028330466,0.2,0.3579114,0.0,0.17332985,0.025001103,0.1057935,0.025071101,0.07135612,0.02500107,0.239693,0.72309214,0.38851288,0.20183459,0.17379649
30542,0.50697905,0.45401528,0.20520762,0.112183474,0.05362776,0.04004868,0.017350158,0.019052137,0.75555557,0.6345538,0.24444444,0.30419114,0.39636332,0.36277074,0.033333335,0.09883668,1.0,0.7687479,-0.22638889,-0.2736206,-0.5,-0.55275244,-0.125,-0.10250397,0.0,0.29136345,0.0,0.052540384,0.5,0.32452235,0.0,0.16780446,0.028573975,0.163668,0.029107524,0.27494428,0.028612243,0.116315,0.8851342,0.2808026,0.028572064,0.15396655
28646,0.44773474,0.46571788,0.2209173,0.11008028,0.06371191,0.038923346,0.005540166,0.019205773,0.92,0.6300999,0.08,0.32485932,0.32746094,0.3726152,0.13636364,0.10815332,0.6,0.76200926,-0.2125,-0.28748935,-0.3,-0.5643306,-0.125,-0.1101221,0.0,0.29119688,0.0,0.028001158,0.5,0.34843874,0.0,0.15659264,0.36064368,0.13576534,0.05027791,0.17953956,0.050000474,0.07114923,0.050000343,0.46752837,0.48907757,0.1321256
15381,0.5425,0.4509561,0.2425,0.13445833,0.027149322,0.042337872,0.009049774,0.015583415,0.75,0.7237203,0.25,0.2763938,0.44722223,0.3609689,0.25,0.10299075,0.8,0.7619726,-0.12916666,-0.24933629,-0.13333334,-0.48438704,-0.125,-0.1215433,0.33333334,0.31093425,0.25,0.06654108,0.16666667,0.36058652,0.25,0.15647383,0.040196378,0.1651604,0.04000736,0.09138258,0.04009588,0.2238272,0.04000028,0.19877851,0.8397001,0.31246656
24156,0.6340278,0.4453893,0.15486111,0.0987581,0.028436018,0.037592743,0.023696683,0.018005516,0.54545456,0.65377355,0.45454547,0.31879482,0.5388889,0.34735924,0.43333334,0.10140036,0.7,0.7190813,-0.275,-0.26463458,-0.5,-0.5441275,-0.1,-0.11222829,0.4,0.3265588,-0.05,0.03618006,0.1,0.3553491,0.05,0.15066767,0.020324498,0.1487265,0.020007508,0.0779686,0.02003701,0.29433423,0.919498,0.32871068,0.020132966,0.15310793
4564,0.63922304,0.46347904,0.32247806,0.13116269,0.0942029,0.04273642,0.0,0.016304426,1.0,0.69764584,0.0,0.27945355,0.4823718,0.37247324,0.16666667,0.11233854,1.0,0.7728003,0.0,-0.26498798,0.0,-0.49526146,0.0,-0.122858524,0.65,0.32611412,0.35,0.04022478,0.15,0.34783456,0.35,0.16441113,0.020210769,0.11481956,0.020155687,0.112298414,0.020021096,0.15516274,0.2668164,0.3386372,0.6727961,0.28426585
22569,0.5145888,0.4608479,0.0032178932,0.12809694,0.020761246,0.042259645,0.020761246,0.016608678,0.5,0.7055609,0.5,0.27700895,0.31161615,0.3654512,0.13636364,0.09961825,0.5,0.7649421,-0.26190478,-0.26250488,-0.5,-0.5144801,-0.05,-0.114971325,1.0,0.30189538,-0.5,0.07414508,0.5,0.35008603,0.5,0.15514436,0.028575068,0.19518973,0.404625,0.1613658,0.02857413,0.1552901,0.22635901,0.20584823,0.3118668,0.2639151
4095,0.387868,0.46237,0.009259259,0.11577607,0.032786883,0.040154144,0.024590164,0.018436402,0.5714286,0.65736866,0.42857143,0.31396195,0.38181818,0.3692084,0.2,0.108839795,0.6,0.7598036,-0.32222223,-0.2800411,-0.6,-0.5571568,-0.16666667,-0.11371125,1.0,0.32529557,-0.125,0.026782008,0.5,0.3453188,0.125,0.17048933,0.5999038,0.13349874,0.033558104,0.11320665,0.033375133,0.12776195,0.29981923,0.4562915,0.03334368,0.16151315
17202,0.5343838,0.44920352,0.11333317,0.12808235,0.036093418,0.041579947,0.02972399,0.016836016,0.5483871,0.7045906,0.4516129,0.28942707,0.48022026,0.35798755,0.1,0.10054814,1.0,0.7604275,-0.30267859,-0.25426406,-0.7,-0.51177156,-0.05,-0.1103841,0.65,0.3070985,0.25,0.075481445,0.15,0.34635365,0.25,0.15251788,0.03333519,0.23065658,0.03360958,0.10835034,0.21037808,0.20718941,0.68717474,0.21215814,0.035502374,0.2362103
33633,0.4155058,0.4381758,0.08530265,0.118990995,0.040871933,0.039522268,0.020435967,0.01679469,0.6666667,0.68127894,0.33333334,0.2912116,0.35097224,0.3445285,0.0625,0.09789652,0.5,0.7298987,-0.32092592,-0.24718033,-1.0,-0.49380982,-0.1,-0.10536565,0.5,0.27280837,0.5,0.08221945,0.0,0.34946215,0.5,0.13233191,0.033347152,0.30502236,0.033335272,0.115869254,0.03342869,0.1718428,0.033334192,0.2269864,0.8665547,0.17962876
32609,0.5475,0.4444569,0.235,0.09840467,0.040229887,0.039561614,0.011494253,0.018640535,0.7777778,0.6466853,0.22222222,0.32792988,0.43571427,0.35305426,0.1,0.09692735,0.8,0.7522872,-0.35,-0.27741462,-0.5,-0.5713051,-0.2,-0.10923935,0.0,0.33208305,0.0,0.048253603,0.5,0.3282901,0.0,0.17862555,0.021895405,0.10698767,0.020047043,0.20409623,0.020098792,0.2705471,0.9179578,0.20832844,0.020000992,0.20735076
24706,0.6254167,0.45191342,0.24177083,0.084845684,0.057591625,0.03643642,0.010471204,0.018715026,0.84615386,0.6261289,0.15384616,0.33561507,0.42363638,0.34291977,0.1,0.104373455,1.0,0.7236383,-0.39583334,-0.27697042,-0.5,-0.55005044,-0.29166666,-0.11770831,0.55,0.33022925,0.25,-0.0025866837,0.05,0.37117815,0.25,0.15946168,0.022588924,0.04251456,0.022482928,0.08805274,0.14367066,0.28329834,0.5398015,0.44393903,0.271456,0.15179709
27093,0.39477658,0.4591165,0.07524879,0.10820967,0.06545454,0.038380988,0.021818181,0.019389836,0.75,0.6312271,0.25,0.33333158,0.20719096,0.3612754,0.1,0.11410674,0.6,0.7426628,-0.28564814,-0.27939576,-0.46666667,-0.5629051,-0.15555556,-0.11068978,0.2,0.32675722,0.1,0.013961391,0.3,0.3447636,0.1,0.16113362,0.040001296,0.109310314,0.04000133,0.11564081,0.8399935,0.18322401,0.040001284,0.49088952,0.040002596,0.13122946
37351,0.5436111,0.45225245,0.28972223,0.11521097,0.05706522,0.04024054,0.008152174,0.017979221,0.875,0.66018647,0.125,0.30770656,0.42976192,0.35932732,0.1,0.1038244,1.0,0.7587462,-0.14444445,-0.26225072,-0.2,-0.5376435,-0.1,-0.10526244,0.0,0.31737038,0.0,0.04940619,0.5,0.3384897,0.0,0.1600444,0.26199108,0.18448634,0.020005394,0.1555339,0.020126179,0.17533217,0.4335541,0.30543926,0.26432323,0.17796403
9263,0.3241966,0.44387296,0.11983283,0.11920166,0.03821656,0.039784584,0.010615711,0.016586553,0.7826087,0.6896564,0.2173913,0.30302563,0.39484128,0.3528172,0.1,0.09971443,0.8,0.74507916,-0.295,-0.2544761,-0.7,-0.5050458,-0.125,-0.11710366,0.06666667,0.31453794,0.0,0.043118823,0.43333334,0.35595122,0.0,0.15803723,0.7007929,0.15163913,0.033334237,0.08935302,0.19920522,0.31531945,0.033333816,0.19190499,0.033333786,0.25795764
30543,0.49072674,0.43810138,0.21458176,0.10358872,0.05586592,0.036204804,0.014897579,0.017292844,0.7894737,0.67027503,0.21052632,0.31618226,0.36753228,0.33904997,0.033333335,0.0976922,0.8,0.71880335,-0.12578125,-0.26031065,-0.3125,-0.5305294,-0.05,-0.112248726,0.5,0.31236634,0.235,0.030069996,0.0,0.3678217,0.235,0.14348283,0.15338396,0.14175647,0.025005285,0.07657765,0.6457496,0.31349993,0.025737997,0.25615028,0.15012313,0.20653872
27883,0.554754,0.44331133,0.17317395,0.10988747,0.06610169,0.038232405,0.010169491,0.016885508,0.8666667,0.67840487,0.13333334,0.30565673,0.31078088,0.34276968,0.1,0.09926735,1.0,0.72319424,-0.3015873,-0.25286618,-0.7,-0.50807345,-0.14285715,-0.11193535,0.64285713,0.3096407,0.21428572,0.047803007,0.14285715,0.3658907,0.21428572,0.14257447,0.022227101,0.15813302,0.13286588,0.090727516,0.022227896,0.27855137,0.022225386,0.24296516,0.8004537,0.23954216
34882,0.5638475,0.4535351,0.0219028,0.13133325,0.03735632,0.041847546,0.031609196,0.017094564,0.5416667,0.6835311,0.45833334,0.2832199,0.33351648,0.3636728,0.1,0.10567911,0.6,0.7625001,-0.33158508,-0.25271723,-0.4,-0.5128952,-0.16666667,-0.10920809,0.4,0.29159984,-0.4,0.06616136,0.1,0.34041646,0.4,0.14964098,0.022225244,0.24326095,0.16739422,0.14524995,0.02222423,0.11633976,0.7659325,0.292379,0.022223786,0.19071673
3935,0.4391694,0.446095,0.16346835,0.12539437,0.05497771,0.040444,0.016344724,0.015909664,0.7708333,0.7149332,0.22916667,0.28285182,0.3805306,0.35595447,0.033333335,0.09535473,0.8,0.74967235,-0.175,-0.24962729,-0.3,-0.5054779,-0.1,-0.11594129,0.0,0.28129745,0.0,0.074028455,0.5,0.35651404,0.0,0.14501177,0.86659354,0.22078568,0.0333335,0.12797607,0.033333424,0.26067817,0.033405636,0.13282774,0.03333392,0.25934583
11430,0.7888889,0.44720072,0.2847222,0.09922274,0.014563107,0.03820254,0.004854369,0.018073915,0.75,0.64630073,0.25,0.32335764,0.6111111,0.35228744,0.43333334,0.102144316,0.9,0.7286684,-0.125,-0.26920125,-0.125,-0.55585897,-0.125,-0.11691943,0.0,0.33511928,0.0,0.024119006,0.5,0.34030992,0.0,0.17636289,0.025001109,0.06966924,0.025008185,0.15214327,0.14906435,0.3210919,0.77592176,0.2970361,0.025004582,0.16323315
35671,0.41492304,0.4311522,0.045151517,0.14527786,0.025745258,0.04248073,0.014905149,0.013969364,0.6333333,0.7466453,0.36666667,0.24717186,0.24553429,0.34131932,0.033333335,0.101259,0.5,0.7464529,-0.23939393,-0.2198121,-0.5,-0.407061,-0.05,-0.11592158,0.45454547,0.22190128,0.13636364,0.12640694,0.045454547,0.34124964,0.13636364,0.12095969,0.03333487,0.404243,0.03391499,0.099474214,0.6997997,0.12864031,0.033655178,0.09416305,0.19929527,0.26035038
20675,0.44086304,0.45568514,0.14547758,0.12543163,0.040843215,0.040795833,0.007246377,0.016578093,0.84931505,0.6823654,0.15068494,0.28875065,0.29693374,0.3641166,0.1,0.10802303,0.7,0.75099367,-0.20795454,-0.25782853,-0.5,-0.50302535,-0.0125,-0.11587497,0.0,0.31304845,0.0,0.048827145,0.5,0.34404957,0.0,0.16467537,0.033334076,0.1290258,0.033334553,0.13333926,0.03333409,0.2299746,0.033333555,0.26540205,0.86666375,0.25305212
1453,0.45218632,0.46840236,-0.02458126,0.12482092,0.055502392,0.0408458,0.05167464,0.018219657,0.51785713,0.6708016,0.48214287,0.30530486,0.3950474,0.37592775,0.05,0.112596594,1.0,0.7720486,-0.43660715,-0.27539146,-1.0,-0.5507866,-0.05,-0.11451014,0.2,0.33894762,0.1,0.027767828,0.3,0.34225726,0.1,0.17223857,0.04000357,0.132775,0.0404637,0.10871668,0.2576448,0.13667801,0.62188786,0.45769823,0.040000036,0.1590163
30606,0.3888587,0.46539935,0.03396739,0.118930645,0.046683047,0.039917737,0.03685504,0.018056788,0.5588235,0.6636554,0.44117647,0.31008855,0.36052632,0.36910746,0.1,0.11263497,0.7,0.7532642,-0.31583333,-0.27368593,-0.8,-0.54643476,-0.1,-0.11559901,0.0,0.33233795,0.0,0.025342127,0.5,0.34758306,0.0,0.1666208,0.83999455,0.12509055,0.040002123,0.10058975,0.040001176,0.17399704,0.040001266,0.44204098,0.040000886,0.15972303
1993,0.41678777,0.46009058,0.2098124,0.13768142,0.041841004,0.043680206,0.015341702,0.015575078,0.73170733,0.72679085,0.2682927,0.2650166,0.438851,0.37163144,0.0625,0.106976196,1.0,0.7690866,-0.22588384,-0.25221464,-0.8,-0.47370678,-0.05,-0.12413709,0.5,0.30586535,0.5,0.066834874,0.0,0.35356233,0.5,0.15665305,0.020223504,0.1367345,0.020022191,0.1269005,0.020003319,0.19629593,0.13733059,0.1847619,0.8024204,0.3541575
35557,0.35546875,0.43756536,0.23359375,0.09663587,0.014492754,0.035462335,0.0057971017,0.017891536,0.71428573,0.641763,0.2857143,0.33387083,0.83,0.33677244,0.3,0.094936945,1.0,0.71344703,-0.20625,-0.26079938,-0.3125,-0.53482974,-0.1,-0.11103458,0.3,0.3047197,1.0,0.032180663,0.2,0.352579,1.0,0.15598585,0.040000487,0.079302095,0.04001754,0.13236138,0.040000282,0.35948813,0.8399814,0.21909584,0.04000029,0.21451837
18686,0.5,0.46075886,0.25,0.14623843,0.018518519,0.04592776,0.0,0.0146585405,1.0,0.75518477,0.0,0.24584259,0.5,0.37140855,0.5,0.10860471,0.5,0.7812973,0.0,-0.23986322,0.0,-0.44035968,0.0,-0.121796384,0.0,0.30149597,0.0,0.08161688,0.5,0.34730372,0.0,0.15128124,0.02865639,0.16027795,0.028755456,0.12854321,0.028573496,0.13512254,0.4498287,0.14110476,0.46418595,0.4246348
22565,0.5507143,0.43651754,-0.025,0.14025994,0.030864198,0.04253486,0.030864198,0.014154273,0.5,0.7469532,0.5,0.25764674,0.42714286,0.3479208,0.2857143,0.103038676,0.55,0.7432409,-0.54,-0.22894631,-0.9,-0.41825995,-0.2,-0.12119879,0.0,0.21494135,0.0,0.11474133,0.5,0.3458623,0.0,0.11634832,0.65856236,0.3337245,0.028573735,0.10810665,0.028572109,0.16366172,0.028572513,0.07138265,0.25571927,0.32161906
3388,0.3962982,0.4392528,0.14945765,0.14342067,0.054166667,0.042699855,0.008333334,0.014745087,0.8666667,0.74058676,0.13333334,0.25618535,0.27280012,0.3490151,0.033333335,0.10039085,0.85,0.7579772,-0.14166667,-0.23029864,-0.25,-0.4388272,-0.05,-0.11316986,0.45454547,0.25353682,0.13636364,0.10649727,0.045454547,0.34196576,0.13636364,0.13624479,0.5206137,0.33376312,0.022225074,0.10700926,0.022299908,0.1472873,0.02228199,0.117931895,0.41257936,0.27471247
32242,0.48306632,0.45906755,0.0752546,0.10072613,0.031636864,0.038131077,0.027510317,0.017980875,0.53488374,0.6515621,0.4651163,0.31697455,0.44410408,0.35220408,0.13636364,0.10665878,1.0,0.7411664,-0.276875,-0.2709189,-0.7,-0.54251677,-0.05,-0.11981812,0.0,0.337572,0.0,0.013183114,0.5,0.37511235,0.0,0.16641642,0.02857448,0.06169991,0.092908755,0.05963516,0.028573217,0.2586235,0.6788399,0.43405843,0.17110364,0.186085
30280,0.6987778,0.43559405,0.10072222,0.093211904,0.052884616,0.036954865,0.024038462,0.018403206,0.6875,0.6340157,0.3125,0.33737442,0.3009091,0.33975357,0.05,0.09456518,0.7,0.7205467,-0.32583332,-0.26761213,-0.5,-0.5523494,-0.1875,-0.1085438,0.0,0.3067209,0.0,0.039026197,0.5,0.33867285,0.0,0.16170996,0.06666674,0.085182495,0.06672608,0.20103881,0.066666685,0.32492134,0.7332736,0.18451521,0.06666688,0.21901233
13299,0.43779537,0.4554075,0.06728783,0.13200782,0.045016076,0.042944733,0.03215434,0.016103107,0.5833333,0.7243391,0.41666666,0.27370378,0.28998145,0.3636488,0.1,0.098883525,0.5,0.7739278,-0.1601984,-0.25292012,-0.5,-0.5061314,-0.071428575,-0.114136964,0.2,0.31182548,-0.1,0.07603019,0.3,0.34950978,0.1,0.16190255,0.028580753,0.17022385,0.02857347,0.13359159,0.028638007,0.2333516,0.028571554,0.14024565,0.8856362,0.3164547
15644,0.20769231,0.440536,0.071794875,0.10996598,0.019455252,0.038175493,0.007782101,0.01701694,0.71428573,0.68602544,0.2857143,0.30904886,0.24666667,0.3435947,0.1,0.09495222,0.5,0.7379494,-0.15,-0.26164255,-0.2,-0.5244363,-0.1,-0.11338972,0.0,0.31701455,0.0,0.043499373,0.5,0.36090413,0.0,0.1527735,0.7994443,0.15587576,0.050001923,0.088613585,0.050551888,0.31841472,0.0500011,0.19577119,0.050000753,0.23825791
16343,0.33063972,0.44398656,0.1006734,0.1398977,0.053097345,0.042828977,0.0088495575,0.01519114,0.85714287,0.73192805,0.14285715,0.25608787,0.20101011,0.3520649,0.033333335,0.10083626,0.5,0.75488037,-0.3,-0.23727618,-0.3,-0.4563256,-0.3,-0.11599036,0.65,0.26304218,0.15,0.09800866,0.15,0.34792492,0.15,0.13920216,0.03333446,0.30027953,0.033801727,0.119272746,0.03337243,0.11841898,0.70040643,0.16926858,0.19908494,0.27502334
14675,0.26550263,0.4472495,0.06762685,0.108896844,0.03587444,0.038595628,0.011210762,0.017454289,0.7619048,0.67726845,0.23809524,0.31292775,0.24216382,0.3466443,0.033333335,0.09622653,0.5,0.7395685,-0.19333333,-0.26649308,-0.3,-0.53606814,-0.125,-0.11076743,0.06666667,0.3079496,0.0,0.049037974,0.43333334,0.35697466,0.0,0.1556256,0.28099927,0.1321171,0.03335685,0.12169383,0.6168035,0.2887658,0.03400153,0.21480466,0.034838803,0.24492201
14889,0.37676767,0.44655663,0.06761364,0.1336564,0.028571429,0.042292196,0.028571429,0.016223915,0.5,0.71353406,0.5,0.2719738,0.39141414,0.3552293,0.1,0.10212836,1.0,0.75362676,-0.18888889,-0.24549161,-0.5,-0.4888744,-0.05,-0.11283817,0.0,0.28022853,0.0,0.0861516,0.5,0.35030296,0.0,0.14156243,0.02857197,0.30034557,0.028572312,0.10254608,0.02857203,0.14328077,0.028571615,0.21259631,0.8857121,0.21817072
15780,0.45694935,0.46074688,0.022821398,0.10771798,0.027178258,0.03934657,0.021582734,0.017968947,0.55737704,0.6601176,0.44262296,0.31942698,0.348263,0.36285976,0.0625,0.106504016,0.75,0.75194067,-0.34979424,-0.27698842,-1.0,-0.55589455,-0.1,-0.11880742,0.19444445,0.3324122,0.022222223,0.026827702,0.30555555,0.35733047,0.022222223,0.17696764,0.02222791,0.09236011,0.022233883,0.09006278,0.77160823,0.23289773,0.16170454,0.39141,0.022225438,0.18126379
3265,0.40357143,0.4513909,0.09979167,0.12214739,0.028708134,0.041500203,0.028708134,0.016813515,0.5,0.70265234,0.5,0.2901579,0.5833333,0.3578882,0.4,0.095955685,1.0,0.7645057,-0.25069445,-0.25996107,-0.5,-0.52310723,-0.125,-0.10941813,0.0,0.31363449,0.0,0.06708071,0.5,0.34459743,0.0,0.15842803,0.17301217,0.17557907,0.028582301,0.15528065,0.02857741,0.25849912,0.02857732,0.12585606,0.7412508,0.2851752
28081,0.5020827,0.43839377,0.11015723,0.13411067,0.05409836,0.04191895,0.016393442,0.01596785,0.76744187,0.7165363,0.23255815,0.27405268,0.35474715,0.3501214,0.0625,0.101414025,0.85,0.74684894,-0.27472222,-0.23719594,-0.8,-0.47796687,-0.05,-0.111378774,0.0,0.2727878,0.0,0.09454512,0.5,0.34744382,0.0,0.13901304,0.022223009,0.32719466,0.022228327,0.09301278,0.13168627,0.16880059,0.8016398,0.18855768,0.022222597,0.20769219
37266,0.42791155,0.44211513,0.016435036,0.1117708,0.019756839,0.038779173,0.018237082,0.016681802,0.52,0.6847586,0.48,0.3081009,0.28003663,0.34849924,0.033333335,0.0966003,0.5,0.744334,-0.2568071,-0.25911427,-0.6,-0.5176037,-0.071428575,-0.11842665,0.4,0.32250756,-0.2,0.038162697,0.1,0.3572509,0.2,0.16212247,0.028576018,0.12853047,0.028576229,0.08922869,0.88569903,0.35126823,0.028574321,0.18010516,0.028574413,0.24307537
9038,0.39578894,0.44881994,0.12884012,0.13756756,0.050314464,0.042159345,0.015723271,0.01630529,0.7619048,0.71398866,0.23809524,0.2819942,0.30227274,0.36204976,0.1,0.103688024,0.5,0.76597875,-0.12,-0.2473806,-0.2,-0.492645,-0.025,-0.11171744,0.0,0.30620486,0.0,0.08126971,0.5,0.34542653,0.0,0.15262885,0.7999286,0.23945318,0.050004642,0.09279581,0.05004179,0.1935707,0.050024662,0.22014406,0.05000028,0.24229634
7327,0.5875,0.45633358,0.325,0.14431271,0.061349694,0.04573018,0.0,0.014640122,1.0,0.7567444,0.0,0.24587038,0.39,0.3668338,0.1,0.10499853,0.6,0.7823445,0.0,-0.23916008,0.0,-0.43723917,0.0,-0.11942554,0.4,0.28717917,0.4,0.09113082,0.1,0.34423277,0.4,0.14692976,0.029616892,0.17297904,0.028579582,0.14335208,0.028575186,0.14283341,0.028575197,0.11086288,0.88465315,0.4302263
